item,kod
Q20085721,tsi
Q27175,fry
Q25448,ber
Q25268,afa
Q25355,kal
Q25285,tat
Q25293,cel
Q25258,fao
Q25442,wen
Q25289,cor
Q27183,ipk
Q33569,haw
Q33557,krl
Q35375,bin
Q56466,din
Q56482,shn
Q35470,elx
Q35570,fat
Q36147,lus
Q36217,lin
Q36395,enm
Q36368,kur
Q36451,mao
Q36613,tem
Q36734,phn
Q36745,rar
Q36850,twi
Q56417,arp
Q56236,lui
Q56491,byn
Q36730,ota
Q36098,lam
Q36928,uga
Q35772,man
Q36094,kau
Q35934,ina
Q35891,kmb
Q35995,mdr
Q36236,mal
Q36284,srr
Q36986,vol
Q36155,cop
Q56611,car
Q35497,grc
Q35787,mas
Q36096,mos
Q56612,sam
Q35518,akk
Q35876,grn
Q36116,mga
Q36337,nzi
Q36983,umb
Q56312,mwr
Q56475,hau
Q56322,smj
Q58635,pan
Q56463,smi
Q36902,yao
Q36157,lub
Q35377,efi
Q36126,kom
Q49341,kaw
Q56756,cad
Q36209,kum
Q35459,ewo
Q35673,kpe
Q35613,nde
Q36280,mah
Q36355,oto
Q36660,snk
Q36727,pli
Q36939,vai
Q37005,zen
Q35452,bis
Q36943,wal
Q35667,gez
Q36831,chg
Q37733,jrb
Q60069,wak
Q35455,bik
Q58680,pus
Q35668,hit
Q35850,ile
Q36785,nbl
Q35978,hil
Q36790,sux
Q13238,udm
Q13300,nah
Q13324,min
Q13330,mwl
Q13343,mdf
Q9091,bel
Q9307,glg
Q9267,tuk
Q10134,tlh
Q13307,nau
Q13275,som
Q13293,sma
Q9296,mac
Q9083,lit
Q8785,arm
Q11059,san
Q9035,dan
Q9067,hun
Q8798,ukr
Q9211,lao
Q13310,nav
Q8765,arg
Q8748,alb
Q13201,rom
Q13955,ara
Q14185,oci
Q8821,cnr
Q9078,lav
Q9255,kir
Q9237,may
Q9246,mon
Q23526,sla
Q13267,sin
Q9228,bur
Q9058,slo
Q9260,tgk
Q13271,sms
Q13272,den
Q10188,zun
Q13321,mic
Q8641,yid
Q9063,slv
Q10199,zza
Q13214,zap
Q25164,nno
Q9176,kor
Q13339,moh
Q9043,nor
Q13199,roh
Q13389,bak
Q9051,ltz
Q9252,kaz
Q9288,heb
Q9264,uzb
Q14196,afr
Q9199,vie
Q12107,bre
Q25167,nob
Q13207,nyn
Q8752,baq
Q9056,cze
Q9309,wel
Q13196,raj
Q19860,ine
Q21057,gwi
Q9027,swe
Q10179,zul
Q13263,uig
Q20979,dgr
Q9166,mlt
Q9072,est
Q9292,aze
Q9205,khm
Q9217,tha
Q12175,glv
Q13218,xho
Q131339,gsw
Q112893,lol
Q178806,dum
Q236425,paa
Q523014,mus
Q947858,phi
Q1334774,lah
Q749720,tai
Q530384,dak
Q1364815,kar
Q1775361,gon
Q1991779,alt
Q102172,lim
Q2407831,nia
Q2501174,gor
Q2356431,chb
Q2779185,pro
Q3314742,ter
Q8066072,znd
Q505198,son
Q1473289,frm
Q1294047,sas
Q3099986,gba
Q12642598,cai
Q2760613,day
Q5128301,nwc
Q2997506,cmc
Q5583349,doi
Q18546266,nqo
Q837985,gmh
Q1322020,ijo
Q1517194,nub
Q1478672,men
Q973685,chm
Q2600085,osa
Q2574767,kam
Q5414796,luo
Q169921,cau
Q9040772,hmn
Q2665761,del
Q1405077,kua
Q2655664,arw
Q3847648,tog
Q205979,sog
Q149208,frs
Q192170,pra
Q1998595,btk
Q2638144,suk
Q3217483,mno
Q6583551,kho
Q4121131,nym
Q609817,zbl
Q384707,afh
Q1860,eng
Q5146,por
Q1571,mar
Q7026,cat
Q8097,tel
Q294,ice
Q1321,spa
Q5111,abk
Q5287,jpn
Q7913,rum
Q7737,rus
Q4627,aym
Q397,lat
Q7930,mlg
Q7838,swa
Q8108,geo
Q5885,tam
Q809,pol
Q1568,hin
Q1412,fin
Q5137,guj
Q7411,dut
Q5218,que
Q652,ita
Q33690,csb
Q33714,krc
Q33845,nap
Q33856,pap
Q33868,mni
Q33879,pag
Q33890,nso
Q33965,sat
Q33973,scn
Q33989,srn
Q34125,tet
Q34138,tum
Q34159,tpi
Q34279,war
Q34299,sah
Q35243,bra
Q33673,kan
Q33864,orm
Q33947,sme
Q34014,ssw
Q34055,tvl
Q34094,ton
Q34257,wol
Q35250,eka
Q35224,ido
Q33730,arn
Q34070,tup
Q33702,kon
Q33776,pau
Q33705,ssa
Q35141,ada
Q35173,chn
Q33790,niu
Q33810,ori
Q34002,sun
Q33728,mag
Q35257,grb
Q33786,sid
Q33823,nep
Q33587,kik
Q33997,snd
Q34004,sna
Q35222,fro
Q33573,kin
Q33875,oji
Q33990,sus
Q34173,lua
Q34239,kok
Q34128,tah
Q34131,tiv
Q34198,was
Q34219,wln
Q35225,peo
Q34029,yap
Q34311,yor
Q33617,hmo
Q33607,lun
Q33968,oss
Q33985,sal
Q34011,smo
Q33954,sag
Q34228,sgn
Q35308,sga
Q33578,ibo
Q33628,loz
Q33643,mak
Q33976,srd
Q34065,tmh
Q34926,ach
Q33892,mun
Q34271,tib
Q33583,run
Q33638,mnc
Q34057,tgl
Q34181,sio
Q34124,tir
Q35218,goh
Q34016,sad
Q33584,kha
Q33614,khi
Q33900,ndo
Q34137,tsn
Q34327,tso
Q34008,sel
Q33794,nyo
Q34340,sot
Q33871,nog
Q34097,tkl
Q33738,myn
Q27683,ace
Q27776,ady
Q28224,frr
Q28602,arc
Q29316,rup
Q29507,ast
Q29579,awa
Q31746,lez
Q33070,ban
Q33190,bug
Q33239,ceb
Q33268,bho
Q33265,chy
Q33388,chr
Q33441,fur
Q33462,smn
Q33509,inh
Q33522,kbd
Q33541,kaa
Q27692,chp
Q27969,ain
Q28026,aka
Q28422,pon
Q33093,bas
Q33251,chu
Q33248,cus
Q33295,fij
Q33348,chv
Q33357,crh
Q33332,kac
Q33492,kru
Q33538,syc
Q33464,kos
Q27758,apa
Q33049,bal
Q33315,her
Q28378,anp
Q33424,iba
Q33161,chk
Q32063,pal
Q32979,cho
Q33215,art
Q32332,dar
Q150,fre
Q33535,kro
Q27970,ypk
Q30898,gil
Q33013,dua
Q33491,hat
Q33111,cos
Q33368,lug
Q33136,bat
Q33350,che
Q29561,ava
Q33291,fon
Q33286,gay
Q32858,vot
Q188,ger
Q33287,gaa
Q33390,cre
Q27475,ath
Q27811,aar
Q28058,hup
Q32656,div
Q33060,bla
Q29401,asm
Q33484,fan
Q33243,bam
Q33454,ful
Q27210,ale
Q32704,ven
Q33120,bua
Q33298,fil
Q33311,dra
Q33549,jav
Q33052,bem
Q33262,cha
Q32706,dyu
Q33273,nya
Q33434,kut
Q143,epo
Q30005,ewe
Q28244,amh
Q29572,ave
Q29921,iku
Q33303,hai
Q33025,bej
Q33367,jpr
Q33552,kas
Q27792,tli
Q33081,dzo
Q35722,got
Q35853,kab
Q35936,ilo
Q36109,mai
Q36196,lad
Q36213,mad
Q36350,jbo
Q42365,ang
Q36746,rap
Q79890,fiu
Q205143,aus
Q3915427,pei
Q7079491,arc
Q806005,bai
Q7598268,zgh
Q4200688,nai
Q14507109,cpp
Q337657,mkh
Q806234,bad
Q22282914,und
Q22282939,zxx
Q12645574,him
Q19682167,crp
Q135305,bih
Q54801970,sai
Q13248,hsb
Q13286,dsb
Q14549,sco
Q6654,hrv
Q7918,bul
Q25433,nds
Q29952,myv
Q33634,xal
Q33979,new
Q34119,tyv
Q49228,map
Q56959,xal
Q33260,cpf
Q33392,alg
Q33527,ira
Q35499,chu
Q36510,ell
Q36510,gre
Q37845,tut
Q45961,sit
Q34235,iii
Q256,tur
Q7850,chi
Q33623,iro
Q9610,ben
Q9240,ind
Q33838,nic
Q50868,egy
Q9299,scc
Q33577,inc
Q9168,fas
Q9142,gle
Q19814,roa
Q9303,bos
Q34129,tig
Q33860,omv
Q21200,gem
Q9168,per
Q35505,non
Q13216,zha
Q33146,bnt
Q31989,cpe
Q34049,sem
Q9314,gla
Q9299,srp
Q36931,uby
Q1617,urd
Q32730,dgo
Q7850,zho
